"","mean.cop","mean.chal","mean.mot","mean.tot","se.cop","se.chal","se.mot","se.tot","mean.prev","sd.prev","se.prev"
"1",1.14732593340061,1.46014127144299,0.20686175580222,2.66801210898083,0.0671851714704546,0.0924213130744184,0.0235170479604092,0.143197540702509,0.512210141447011,0.378293663147726,0.104919784589402
